time_s,measured_position_m,true_position_m
0.000000,1.024377,1.000000
0.020000,0.928721,1.011920
0.040000,1.083716,1.023680
0.060000,1.110525,1.035280
0.080000,0.890637,1.046720
0.100000,0.953826,1.058000
0.120000,1.079347,1.069120
0.140000,1.054781,1.080080
0.160000,1.089536,1.090880
0.180000,1.033276,1.101520
0.200000,1.182352,1.112000
0.220000,1.184543,1.122320
0.240000,1.137762,1.132480
0.260000,1.232659,1.142480
0.280000,1.189721,1.152320
0.300000,1.093257,1.162000
0.320000,1.201020,1.171520
0.340000,1.104169,1.180880
0.360000,1.260356,1.190080
0.380000,1.195126,1.199120
0.400000,1.193211,1.208000
0.420000,1.162246,1.216720
0.440000,1.323083,1.225280
0.460000,1.221318,1.233680
0.480000,1.207654,1.241920
0.500000,1.221829,1.250000
0.520000,1.300505,1.257920
0.540000,1.294916,1.265680
0.560000,1.306299,1.273280
0.580000,1.315186,1.280720
0.600000,1.459332,1.288000
0.620000,1.262607,1.295120
0.640000,1.261101,1.302080
0.660000,1.243778,1.308880
0.680000,1.364798,1.315520
0.700000,1.412318,1.322000
0.720000,1.319204,1.328320
0.740000,1.267267,1.334480
0.760000,1.274522,1.340480
0.780000,1.398367,1.346320
0.800000,1.411460,1.352000
0.820000,1.400972,1.357520
0.840000,1.309639,1.362880
0.860000,1.386653,1.368080
0.880000,1.382455,1.373120
0.900000,1.395495,1.378000
0.920000,1.452434,1.382720
0.940000,1.405168,1.387280
0.960000,1.445993,1.391680
0.980000,1.401326,1.395920
1.000000,1.423130,1.400000
1.020000,1.454423,1.403920
1.040000,1.291108,1.407680
1.060000,1.385706,1.411280
1.080000,1.377090,1.414720
1.100000,1.366890,1.418000
1.120000,1.399109,1.421120
1.140000,1.543675,1.424080
1.160000,1.357614,1.426880
1.180000,1.506982,1.429520
1.200000,1.297370,1.432000
1.220000,1.407529,1.434320
1.240000,1.449500,1.436480
1.260000,1.485378,1.438480
1.280000,1.497218,1.440320
1.300000,1.505468,1.442000
1.320000,1.415622,1.443520
1.340000,1.407892,1.444880
1.360000,1.514718,1.446080
1.380000,1.431816,1.447120
1.400000,1.345945,1.448000
1.420000,1.358057,1.448720
1.440000,1.375724,1.449280
1.460000,1.489453,1.449680
1.480000,1.461314,1.449920
1.500000,1.505239,1.450000
1.520000,1.415740,1.449920
1.540000,1.462363,1.449680
1.560000,1.499327,1.449280
1.580000,1.423972,1.448720
1.600000,1.484542,1.448000
1.620000,1.394166,1.447120
1.640000,1.417036,1.446080
1.660000,1.414341,1.444880
1.680000,1.347853,1.443520
1.700000,1.480958,1.442000
1.720000,1.402768,1.440320
1.740000,1.439480,1.438480
1.760000,1.474940,1.436480
1.780000,1.470042,1.434320
1.800000,1.485231,1.432000
1.820000,1.421641,1.429520
1.840000,1.393016,1.426880
1.860000,1.417703,1.424080
1.880000,1.286133,1.421120
1.900000,1.302231,1.418000
1.920000,1.308904,1.414720
1.940000,1.331500,1.411280
1.960000,1.439662,1.407680
1.980000,1.331482,1.403920
2.000000,1.369747,1.400000
2.020000,1.499858,1.395920
2.040000,1.363179,1.391680
2.060000,1.446281,1.387280
2.080000,1.308031,1.382720
2.100000,1.361565,1.378000
2.120000,1.297118,1.373120
2.140000,1.340957,1.368080
2.160000,1.430105,1.362880
2.180000,1.219334,1.357520
2.200000,1.386754,1.352000
2.220000,1.365339,1.346320
2.240000,1.292948,1.340480
2.260000,1.218795,1.334480
2.280000,1.334090,1.328320
2.300000,1.279641,1.322000
2.320000,1.334134,1.315520
2.340000,1.310628,1.308880
2.360000,1.430222,1.302080
2.380000,1.275972,1.295120
2.400000,1.206120,1.288000
2.420000,1.295062,1.280720
2.440000,1.290880,1.273280
2.460000,1.374415,1.265680
2.480000,1.324729,1.257920
2.500000,1.278550,1.250000
2.520000,1.358984,1.241920
2.540000,1.138579,1.233680
2.560000,1.174100,1.225280
2.580000,1.142594,1.216720
2.600000,1.176815,1.208000
2.620000,1.088985,1.199120
2.640000,1.240892,1.190080
2.660000,1.163102,1.180880
2.680000,1.053855,1.171520
2.700000,1.080754,1.162000
2.720000,1.177401,1.152320
2.740000,1.209530,1.142480
2.760000,1.292218,1.132480
2.780000,1.355429,1.122320
2.800000,1.145153,1.112000
2.820000,1.022357,1.101520
2.840000,0.920316,1.090880
2.860000,1.101497,1.080080
2.880000,1.004085,1.069120
2.900000,1.024771,1.058000
2.920000,0.997752,1.046720
2.940000,1.024017,1.035280
2.960000,1.108958,1.023680
2.980000,1.024484,1.011920
3.000000,0.987309,1.000000
3.020000,0.905068,0.987920
3.040000,0.841705,0.975680
3.060000,0.924375,0.963280
3.080000,0.946417,0.950720
3.100000,1.079434,0.938000
3.120000,0.935542,0.925120
3.140000,0.990699,0.912080
3.160000,0.858936,0.898880
3.180000,0.790724,0.885520
3.200000,0.794791,0.872000
3.220000,0.800302,0.858320
3.240000,1.014758,0.844480
3.260000,0.764769,0.830480
3.280000,0.883399,0.816320
3.300000,0.729766,0.802000
3.320000,0.862046,0.787520
3.340000,0.803676,0.772880
3.360000,0.745549,0.758080
3.380000,0.739859,0.743120
3.400000,0.675617,0.728000
3.420000,0.748406,0.712720
3.440000,0.660881,0.697280
3.460000,0.583632,0.681680
3.480000,0.563685,0.665920
3.500000,0.663807,0.650000
3.520000,0.760247,0.633920
3.540000,0.630479,0.617680
3.560000,0.591789,0.601280
3.580000,0.607586,0.584720
3.600000,0.672480,0.568000
3.620000,0.568671,0.551120
3.640000,0.501206,0.534080
3.660000,0.605383,0.516880
3.680000,0.533821,0.499520
3.700000,0.604860,0.482000
3.720000,0.478979,0.464320
3.740000,0.348522,0.446480
3.760000,0.319027,0.428480
3.780000,0.542394,0.410320
3.800000,0.529893,0.392000
3.820000,0.359158,0.373520
3.840000,0.324225,0.354880
3.860000,0.452996,0.336080
3.880000,0.228556,0.317120
3.900000,0.226422,0.298000
3.920000,0.330186,0.278720
3.940000,0.227712,0.259280
3.960000,0.239270,0.239680
3.980000,0.206845,0.219920
4.000000,0.227006,0.200000
4.020000,0.292519,0.179920
4.040000,0.166927,0.159680
4.060000,0.190795,0.139280
4.080000,-0.045294,0.118720
4.100000,0.094103,0.098000
4.120000,0.009662,0.077120
4.140000,-0.041425,0.056080
4.160000,-0.035372,0.034880
4.180000,-0.013210,0.013520
4.200000,0.065272,-0.008000
4.220000,-0.135791,-0.029680
4.240000,-0.049069,-0.051520
4.260000,-0.112254,-0.073520
4.280000,-0.121894,-0.095680
4.300000,-0.037779,-0.118000
4.320000,-0.097431,-0.140480
4.340000,-0.056128,-0.163120
4.360000,-0.198280,-0.185920
4.380000,-0.264555,-0.208880
4.400000,-0.249909,-0.232000
4.420000,-0.235880,-0.255280
4.440000,-0.264594,-0.278720
4.460000,-0.389071,-0.302320
4.480000,-0.318841,-0.326080
4.500000,-0.331742,-0.350000
4.520000,-0.172682,-0.374080
4.540000,-0.248172,-0.398320
4.560000,-0.490979,-0.422720
4.580000,-0.470271,-0.447280
4.600000,-0.589075,-0.472000
4.620000,-0.544137,-0.496880
4.640000,-0.496672,-0.521920
4.660000,-0.450652,-0.547120
4.680000,-0.630807,-0.572480
4.700000,-0.650332,-0.598000
4.720000,-0.795463,-0.623680
4.740000,-0.662533,-0.649520
4.760000,-0.760513,-0.675520
4.780000,-0.744035,-0.701680
4.800000,-0.798149,-0.728000
4.820000,-0.762021,-0.754480
4.840000,-0.921738,-0.781120
4.860000,-0.925284,-0.807920
4.880000,-0.664540,-0.834880
4.900000,-0.964994,-0.862000
4.920000,-0.977023,-0.889280
4.940000,-0.769767,-0.916720
4.960000,-0.711915,-0.944320
4.980000,-1.065805,-0.972080
