time_s,measured_position_m,kalman_position_m,kalman_velocity_m_per_s,kalman_acceleration_m_per_s2,moving_average_m
0.000000,1.024377,1.024377,0.000000,0.000000,1.024377
0.020000,0.928721,0.974586,-0.196320,-0.001963,1.015681
0.040000,1.083716,1.016611,0.217120,0.007913,1.021075
0.060000,1.110525,1.055440,0.620746,0.023823,1.028907
0.080000,0.890637,0.999663,-0.199038,-0.024007,1.016749
0.100000,0.953826,0.979714,-0.379819,-0.038917,1.010335
0.120000,1.079347,1.011847,0.028409,0.008212,1.015332
0.140000,1.054781,1.027434,0.168569,0.030460,1.018096
0.160000,1.089536,1.050550,0.336397,0.066749,1.024020
0.180000,1.033276,1.049667,0.278610,0.049445,1.024829
0.200000,1.182352,1.093337,0.552353,0.155473,1.039190
0.220000,1.184543,1.127115,0.707005,0.232320,1.053751
0.240000,1.137762,1.140351,0.705677,0.228447,1.072755
0.260000,1.232659,1.174480,0.829640,0.325310,1.086295
0.280000,1.189721,1.190792,0.834159,0.323338,1.093495
0.300000,1.093257,1.180746,0.691321,0.146230,1.111915
0.320000,1.201020,1.196054,0.702167,0.157205,1.134387
0.340000,1.104169,1.186883,0.580089,-0.040889,1.136643
0.360000,1.260356,1.211709,0.650145,0.084403,1.155332
0.380000,1.195126,1.218528,0.618627,0.020106,1.164931
0.400000,1.193211,1.223134,0.577267,-0.066869,1.179471
0.420000,1.162246,1.219913,0.496158,-0.242678,1.177643
0.440000,1.323083,1.248635,0.593931,-0.006686,1.190237
0.460000,1.221318,1.252638,0.550630,-0.109011,1.197833
0.480000,1.207654,1.252419,0.486670,-0.258445,1.195560
0.500000,1.221829,1.254051,0.436976,-0.367412,1.198479
0.520000,1.300505,1.270262,0.471417,-0.264653,1.217320
0.540000,1.294916,1.282686,0.482986,-0.223226,1.225856
0.560000,1.306299,1.295091,0.493897,-0.185656,1.244231
0.580000,1.315186,1.306972,0.501361,-0.158592,1.249216
0.600000,1.459332,1.345215,0.651697,0.208666,1.273234
0.620000,1.262607,1.339376,0.554117,-0.031326,1.279543
0.640000,1.261101,1.332876,0.460048,-0.248214,1.288530
0.660000,1.243778,1.322818,0.354311,-0.478088,1.281320
0.680000,1.364798,1.336600,0.379863,-0.399450,1.294364
0.700000,1.412318,1.357244,0.438697,-0.252638,1.312970
0.720000,1.319204,1.357051,0.388994,-0.348823,1.321822
0.740000,1.267267,1.346364,0.291446,-0.540052,1.318801
0.760000,1.274522,1.337611,0.210635,-0.684901,1.316947
0.780000,1.398367,1.352138,0.246590,-0.584245,1.325316
0.800000,1.411460,1.366878,0.281205,-0.492286,1.334069
0.820000,1.400972,1.377538,0.294872,-0.446527,1.328763
0.840000,1.309639,1.370278,0.227195,-0.558559,1.333039
0.860000,1.386653,1.376798,0.225238,-0.541338,1.344453
0.880000,1.382455,1.381412,0.215352,-0.539614,1.357060
0.900000,1.395495,1.387290,0.211699,-0.526789,1.359850
0.920000,1.452434,1.401634,0.243801,-0.451675,1.363497
0.940000,1.405168,1.406214,0.233921,-0.453138,1.371312
0.960000,1.445993,1.416521,0.247876,-0.414109,1.387560
0.980000,1.401326,1.418182,0.226892,-0.435247,1.399087
1.000000,1.423130,1.422711,0.218491,-0.434750,1.401339
1.020000,1.454423,1.431257,0.226057,-0.408658,1.405244
1.040000,1.291108,1.413557,0.134890,-0.539475,1.395257
1.060000,1.385706,1.411554,0.107179,-0.565685,1.402172
1.080000,1.377090,1.408160,0.076211,-0.595607,1.401303
1.100000,1.366890,1.403313,0.042028,-0.628944,1.399888
1.120000,1.399109,1.403318,0.026960,-0.632607,1.400216
1.140000,1.543675,1.423646,0.082966,-0.533166,1.408511
1.160000,1.357614,1.415717,0.040137,-0.579013,1.404188
1.180000,1.506982,1.428932,0.070392,-0.520313,1.409732
1.200000,1.297370,1.412115,0.000410,-0.602626,1.400282
1.220000,1.407529,1.411401,-0.013591,-0.605277,1.398863
1.240000,1.449500,1.416115,-0.009411,-0.583440,1.398416
1.260000,1.485378,1.424914,0.007529,-0.545634,1.416077
1.280000,1.497218,1.434286,0.025510,-0.507989,1.426214
1.300000,1.505468,1.443712,0.042877,-0.472622,1.437885
1.320000,1.415622,1.440847,0.022504,-0.486463,1.442315
1.340000,1.407892,1.437065,0.000503,-0.501810,1.443113
1.360000,1.514718,1.446503,0.018362,-0.467376,1.440481
1.380000,1.431816,1.444966,0.003784,-0.473750,1.447227
1.400000,1.345945,1.433115,-0.039422,-0.514352,1.432587
1.420000,1.358057,1.423468,-0.074347,-0.543650,1.438104
1.440000,1.375724,1.416490,-0.100174,-0.561223,1.435213
1.460000,1.489453,1.423026,-0.087659,-0.533646,1.438845
1.480000,1.461314,1.425739,-0.085939,-0.519412,1.436657
1.500000,1.505239,1.433070,-0.071814,-0.491562,1.437386
1.520000,1.415740,1.429778,-0.086297,-0.496791,1.429229
1.540000,1.462363,1.431739,-0.086328,-0.485773,1.433478
1.560000,1.499327,1.437468,-0.076511,-0.464260,1.441791
1.580000,1.423972,1.434567,-0.089064,-0.467824,1.433541
1.600000,1.484542,1.438213,-0.084455,-0.452736,1.438334
1.620000,1.394166,1.431981,-0.104654,-0.464666,1.442718
1.640000,1.417036,1.428465,-0.117241,-0.468162,1.448080
1.660000,1.414341,1.424821,-0.129560,-0.471272,1.451590
1.680000,1.347853,1.414549,-0.157399,-0.490490,1.438718
1.700000,1.480958,1.418346,-0.150280,-0.472960,1.440503
1.720000,1.402768,1.413996,-0.162714,-0.476017,1.431188
1.740000,1.439480,1.413506,-0.165490,-0.469136,1.433346
1.760000,1.474940,1.416472,-0.159985,-0.454052,1.434489
1.780000,1.470042,1.418715,-0.156246,-0.441148,1.431827
1.800000,1.485231,1.422227,-0.149623,-0.425699,1.437396
1.820000,1.421641,1.419388,-0.157595,-0.425160,1.431678
1.840000,1.393016,1.413959,-0.171050,-0.430055,1.431573
1.860000,1.417703,1.411133,-0.178124,-0.428554,1.431634
1.880000,1.286133,1.396182,-0.211834,-0.453148,1.419979
1.900000,1.302231,1.383576,-0.239173,-0.470943,1.415831
1.920000,1.308904,1.372303,-0.262608,-0.484529,1.400190
1.940000,1.331500,1.363731,-0.279313,-0.491300,1.393711
1.960000,1.439662,1.365408,-0.273224,-0.475997,1.393728
1.980000,1.331482,1.357309,-0.288198,-0.481223,1.380686
2.000000,1.369747,1.353075,-0.294353,-0.477909,1.371568
2.020000,1.499858,1.360569,-0.275322,-0.450689,1.372898
2.040000,1.363179,1.355691,-0.282819,-0.449250,1.367583
2.060000,1.446281,1.358326,-0.274227,-0.432602,1.372425
2.080000,1.308031,1.348890,-0.290942,-0.440221,1.362455
2.100000,1.361565,1.344579,-0.296435,-0.437098,1.369313
2.120000,1.297118,1.335027,-0.312479,-0.443973,1.368848
2.140000,1.340957,1.329729,-0.319220,-0.441963,1.371762
2.160000,1.430105,1.332261,-0.309633,-0.424662,1.380726
2.180000,1.219334,1.317047,-0.336334,-0.441739,1.360696
2.200000,1.386754,1.316608,-0.332230,-0.429615,1.365721
2.220000,1.365339,1.314473,-0.331532,-0.420914,1.365320
2.240000,1.292948,1.306538,-0.342409,-0.423216,1.346510
2.260000,1.218795,1.292978,-0.364176,-0.435664,1.333384
2.280000,1.334090,1.289563,-0.364973,-0.428257,1.323185
2.300000,1.279641,1.281972,-0.373949,-0.428642,1.320604
2.320000,1.334134,1.279236,-0.372917,-0.419654,1.318110
2.340000,1.310628,1.274827,-0.375093,-0.413835,1.319339
2.360000,1.430222,1.280303,-0.357520,-0.389628,1.327454
2.380000,1.275972,1.273306,-0.364856,-0.389200,1.313442
2.400000,1.206120,1.261176,-0.382010,-0.397984,1.312240
2.420000,1.295062,1.256752,-0.383489,-0.391904,1.303905
2.440000,1.290880,1.252308,-0.384840,-0.385813,1.297136
2.460000,1.374415,1.254749,-0.372537,-0.366999,1.304542
2.480000,1.324729,1.253300,-0.367988,-0.355816,1.314172
2.500000,1.278550,1.248423,-0.370114,-0.351116,1.309123
2.520000,1.358984,1.250146,-0.359186,-0.334197,1.316336
2.540000,1.138579,1.234791,-0.381672,-0.349108,1.298558
2.560000,1.174100,1.222983,-0.396651,-0.356662,1.286147
2.580000,1.142594,1.209384,-0.414672,-0.366959,1.259999
2.600000,1.176815,1.199151,-0.425640,-0.370395,1.250984
2.620000,1.088985,1.182751,-0.448233,-0.384790,1.240336
2.640000,1.240892,1.178866,-0.445912,-0.375284,1.235411
2.660000,1.163102,1.169354,-0.454425,-0.376240,1.223795
2.680000,1.053855,1.152060,-0.477729,-0.391250,1.194653
2.700000,1.080754,1.137720,-0.494687,-0.399947,1.172474
2.720000,1.177401,1.131530,-0.495347,-0.392950,1.163278
2.740000,1.209530,1.128238,-0.490223,-0.380559,1.149692
2.760000,1.292218,1.131566,-0.472221,-0.356088,1.163659
2.780000,1.355429,1.139758,-0.445008,-0.323250,1.180143
2.800000,1.145153,1.131881,-0.449363,-0.321230,1.180376
2.820000,1.022357,1.115225,-0.470535,-0.335362,1.166334
2.840000,0.920316,1.091726,-0.504431,-0.361442,1.151001
2.860000,1.101497,1.083071,-0.508740,-0.358639,1.138328
2.880000,1.004085,1.067636,-0.525975,-0.368308,1.123872
2.900000,1.024771,1.054609,-0.538063,-0.372848,1.121228
2.920000,0.997752,1.040305,-0.552249,-0.379324,1.113683
2.940000,1.024017,1.028795,-0.560590,-0.380052,1.099739
2.960000,1.108958,1.024390,-0.554832,-0.367176,1.090596
2.980000,1.024484,1.014067,-0.560530,-0.365589,1.066256
3.000000,0.987309,1.001620,-0.570101,-0.367769,1.032791
3.020000,0.905068,0.983751,-0.589875,-0.379761,1.010965
3.040000,0.841705,0.962099,-0.616469,-0.398115,0.994542
3.060000,0.924375,0.947789,-0.628125,-0.401686,0.994911
3.080000,0.946417,0.935992,-0.634514,-0.400095,0.980813
3.100000,1.079434,0.934946,-0.619723,-0.378044,0.987663
3.120000,0.935542,0.923457,-0.625377,-0.376199,0.979551
3.140000,0.990699,0.916863,-0.621254,-0.364923,0.978910
3.160000,0.858936,0.900957,-0.635181,-0.371343,0.963902
3.180000,0.790724,0.880870,-0.656829,-0.385118,0.934972
3.200000,0.794791,0.862192,-0.675164,-0.395421,0.914091
3.220000,0.800302,0.844987,-0.690122,-0.402254,0.897090
3.240000,1.014758,0.844875,-0.671364,-0.376271,0.907062
3.260000,0.764769,0.826378,-0.688610,-0.385696,0.900068
3.280000,0.883399,0.817842,-0.685980,-0.375665,0.896343
3.300000,0.729766,0.798479,-0.704336,-0.386181,0.876647
3.320000,0.862046,0.790142,-0.700712,-0.375175,0.856885
3.340000,0.803676,0.778124,-0.704183,-0.371264,0.844897
3.360000,0.745549,0.762585,-0.714297,-0.373872,0.822611
3.380000,0.739859,0.747597,-0.722996,-0.375057,0.811785
3.400000,0.675617,0.728756,-0.738885,-0.383194,0.801321
3.420000,0.748406,0.716488,-0.741510,-0.378306,0.797104
3.440000,0.660881,0.698531,-0.755020,-0.384072,0.784430
3.460000,0.583632,0.675879,-0.777262,-0.398198,0.745236
3.480000,0.563685,0.653015,-0.799326,-0.411877,0.726956
3.500000,0.663807,0.638959,-0.803641,-0.408072,0.706993
3.520000,0.760247,0.633108,-0.791736,-0.388605,0.709764
3.540000,0.630479,0.618191,-0.797569,-0.386724,0.688713
3.560000,0.591789,0.601385,-0.806818,-0.388193,0.669450
3.580000,0.607586,0.586851,-0.811309,-0.385019,0.656908
3.600000,0.672480,0.578189,-0.804132,-0.370588,0.650783
3.620000,0.568671,0.562530,-0.810574,-0.369648,0.641060
3.640000,0.501206,0.542868,-0.824540,-0.376023,0.618588
3.660000,0.605383,0.532230,-0.820521,-0.364832,0.613542
3.680000,0.533821,0.517101,-0.825181,-0.362274,0.609014
3.700000,0.604860,0.508345,-0.817206,-0.347515,0.612757
3.720000,0.478979,0.490960,-0.826045,-0.349347,0.595955
3.740000,0.348522,0.464938,-0.851386,-0.367143,0.558525
3.760000,0.319027,0.438184,-0.877511,-0.385354,0.530211
3.780000,0.542394,0.429687,-0.867455,-0.368132,0.525721
3.800000,0.529893,0.421078,-0.857671,-0.351508,0.518658
3.820000,0.359158,0.400505,-0.871216,-0.357824,0.490174
3.840000,0.324225,0.378605,-0.886938,-0.366128,0.467952
3.860000,0.452996,0.367701,-0.880827,-0.353106,0.463569
3.880000,0.228556,0.340915,-0.905582,-0.370256,0.429312
3.900000,0.226422,0.315516,-0.927014,-0.383853,0.401367
3.920000,0.330186,0.299392,-0.929844,-0.379155,0.376396
3.940000,0.227712,0.276749,-0.945144,-0.386635,0.353554
3.960000,0.239270,0.256383,-0.955570,-0.389245,0.343622
3.980000,0.206845,0.234922,-0.967772,-0.393527,0.333423
4.000000,0.227006,0.216350,-0.973966,-0.391902,0.304752
4.020000,0.292519,0.203959,-0.967877,-0.378403,0.283172
4.040000,0.166927,0.183209,-0.978005,-0.380884,0.265697
4.060000,0.190795,0.165610,-0.981663,-0.377046,0.253567
4.080000,-0.045294,0.131590,-1.017008,-0.403996,0.208268
4.100000,0.094103,0.109892,-1.027569,-0.406402,0.196045
4.120000,0.009662,0.083302,-1.047268,-0.417618,0.176339
4.140000,-0.041425,0.054513,-1.070693,-0.432229,0.142556
4.160000,-0.035372,0.027895,-1.089276,-0.441863,0.118640
4.180000,-0.013210,0.004582,-1.100908,-0.444572,0.095687
4.200000,0.065272,-0.011330,-1.097770,-0.432910,0.082817
4.220000,-0.135791,-0.041034,-1.121307,-0.447334,0.049835
4.240000,-0.049069,-0.062467,-1.128150,-0.445295,0.018782
4.260000,-0.112254,-0.087148,-1.140997,-0.449116,-0.006598
4.280000,-0.121894,-0.110943,-1.151698,-0.450782,-0.035025
4.300000,-0.037779,-0.126866,-1.146732,-0.437226,-0.034342
4.320000,-0.097431,-0.145965,-1.147861,-0.429842,-0.051754
4.340000,-0.056128,-0.160567,-1.140070,-0.413953,-0.057735
4.360000,-0.198280,-0.184560,-1.150502,-0.416040,-0.071994
4.380000,-0.264555,-0.211908,-1.167082,-0.424049,-0.092829
4.400000,-0.249909,-0.236424,-1.177678,-0.426100,-0.114347
4.420000,-0.235880,-0.258255,-1.182691,-0.422696,-0.141725
4.440000,-0.264594,-0.280692,-1.188620,-0.420248,-0.153434
4.460000,-0.389071,-0.310867,-1.209289,-0.432142,-0.184343
4.480000,-0.318841,-0.333921,-1.215567,-0.429849,-0.203124
4.500000,-0.331742,-0.356332,-1.220308,-0.426109,-0.222201
4.520000,-0.172682,-0.365265,-1.198633,-0.396820,-0.234465
4.540000,-0.248172,-0.378767,-1.186093,-0.376960,-0.248169
4.560000,-0.490979,-0.409173,-1.206458,-0.389400,-0.287700
4.580000,-0.470271,-0.436137,-1.219598,-0.394591,-0.312427
4.600000,-0.589075,-0.470209,-1.246124,-0.412668,-0.341929
4.620000,-0.544137,-0.498871,-1.261474,-0.419552,-0.368677
4.640000,-0.496672,-0.522128,-1.265875,-0.415680,-0.392385
4.660000,-0.450652,-0.540289,-1.260137,-0.402049,-0.409299
4.680000,-0.630807,-0.570447,-1.277640,-0.411228,-0.431275
4.700000,-0.650332,-0.600136,-1.293732,-0.418862,-0.461411
4.720000,-0.795463,-0.638751,-1.326674,-0.442693,-0.503567
4.740000,-0.662533,-0.665160,-1.335116,-0.442294,-0.548099
4.760000,-0.760513,-0.697074,-1.353905,-0.451941,-0.594676
4.780000,-0.744035,-0.725722,-1.365815,-0.454726,-0.617681
4.800000,-0.798149,-0.756493,-1.381438,-0.461061,-0.647488
4.820000,-0.762021,-0.782556,-1.387441,-0.457938,-0.663210
4.840000,-0.921738,-0.818716,-1.412747,-0.473606,-0.697538
4.860000,-0.925284,-0.852910,-1.433563,-0.484613,-0.736502
4.880000,-0.664540,-0.865454,-1.411765,-0.454057,-0.755947
4.900000,-0.964994,-0.899101,-1.431174,-0.464079,-0.786327
4.920000,-0.977023,-0.931494,-1.447591,-0.471003,-0.816027
4.940000,-0.769767,-0.946286,-1.429345,-0.444157,-0.813691
4.960000,-0.711915,-0.955308,-1.400080,-0.407139,-0.818180
4.980000,-1.065805,-0.989548,-1.420175,-0.418737,-0.845934
